{"AAPL": {"first_seen": 1777608441.1425917}, "AMZN": {"first_seen": 1777608441.1425917}, "NVDA": {"first_seen": 1777608441.1425917, "losing_since": 1777608441.1425917}}