{"NVDA": {"last_score": 64, "last_pl": -643.339388, "last_seen": 1777616357.9154668, "losing_since": 1777610615.41547}, "AMZN": {"last_score": 0, "last_pl": 696.09075, "last_seen": 1777656814.253042, "losing_since": null}, "AMD": {"last_score": 0, "last_pl": 4.478881, "last_seen": 1777797367.9924023, "losing_since": null}}